{
    "MLB": {
        "1st inning hits allowed": 1.0,
        "1st inning runs allowed": 1.0,
        "hits+runs+rbi": 1.0,
        "hits allowed": 1.0,
        "hitter fantasy points underdog": 0.8473683065886739,
        "hitter fantasy score": 0.8375436719585357,
        "pitcher fantasy points underdog": 0.4751141810240619,
        "pitcher fantasy score": 0.45169463077849553,
        "pitcher strikeouts": 1.0,
        "pitches thrown": 0.11310572589488582,
        "pitching outs": 0.22907707605581373,
        "plateAppearances": 1.0,
        "runs allowed": 1.0,
        "stolen bases": 1.0,
        "total bases": 1.0,
        "walks": 1.0,
        "walks allowed": 1.0,
        "hits": 1.0,
        "runs": 1.0,
        "rbi": 1.0,
        "batter strikeouts": 1.0,
        "singles": 1.0,
        "doubles": 1.0,
        "triples": 1.0,
        "home runs": 1.0
    },
    "NBA": {
        "AST": 1.0,
        "BLK": 1.0,
        "BLST": 1.0,
        "DREB": 1.0,
        "FG3A": 1.0,
        "FG3M": 1.0,
        "FGA": 0.3836047614634368,
        "FGM": 1.0,
        "FTM": 1.0,
        "MIN": 0.13827126365566822,
        "OREB": 1.0,
        "PA": 0.5796715318827689,
        "PF": 1.0,
        "PR": 0.5374684372740588,
        "PRA": 0.5310224338885889,
        "PTS": 0.6372626981146056,
        "RA": 0.566188896346287,
        "REB": 1.0,
        "STL": 1.0,
        "TOV": 1.0,
        "fantasy points prizepicks": 0.3515480935585269,
        "fantasy points underdog": 0.33236147979561625
    },
    "WNBA": {
        "AST": 1.0,
        "BLK": 1.0,
        "BLST": 1.0,
        "DREB": 1.0,
        "FG3A": 1.0,
        "FG3M": 1.0,
        "FGA": 0.36097257431254415,
        "FGM": 1.0,
        "FTM": 1.0,
        "MIN": 0.08627389623848213,
        "OREB": 1.0,
        "PA": 0.37995107792743954,
        "PF": 1.0,
        "PR": 0.40793280884183264,
        "PRA": 0.35724727055155403,
        "PTS": 0.5252352271568052,
        "RA": 0.4115668824154321,
        "REB": 1.0,
        "STL": 1.0,
        "TOV": 1.0,
        "fantasy points prizepicks": 0.29319973454603815,
        "fantasy points underdog": 0.33236147979561625
    },
    "NFL": {
        "attempts": 0.2853763630255776,
        "carries": 0.9759661622315218,
        "completions": 0.30870269325560934,
        "fantasy points prizepicks": 0.5607026285620278,
        "fantasy points underdog": 0.5774872678404764,
        "interceptions": 1.0,
        "passing tds": 1.0,
        "passing yards": 0.3509254516240432,
        "qb tds": 1.0,
        "qb yards": 1.1442583433747773,
        "receiving tds": 1.0,
        "receiving yards": 0.9547734605050205,
        "receptions": 1.0,
        "rushing tds": 1.0,
        "rushing yards": 1.128748022003853,
        "targets": 1.0,
        "tds": 1.0,
        "yards": 0.8205275377099501,
        "longest completion": 0.296491059466864,
        "longest rush": 0.5549688200119861,
        "longest reception": 0.6370383895955073,
        "sacks taken": 1.0,
        "passing first downs": 1.0,
        "first downs": 1.0,
        "fumbles lost": 1.0,
        "completion percentage": 0.9174527539189111
    },
    "NHL": {
        "assists": 1.0,
        "blocked": 1.0,
        "faceOffWins": 1.0,
        "fantasy points prizepicks": 0.817776926998285,
        "goalie fantasy points underdog": 0.5772646775534787,
        "goals": 1.0,
        "goalsAgainst": 1.0,
        "hits": 1.0,
        "points": 1.0,
        "saves": 0.6776656407490319,
        "shots": 1.0,
        "skater fantasy points underdog": 0.7810025033756037,
        "sogBS": 1.0,
        "timeOnIce": 0.25389750454673526,
        "powerPlayPoints": 1.0,
        "shotsAgainst": 0.401088733588258
    }
}