{
    "NBA": {
        "PTS": 0.0982842159639628,
        "MIN": 0.0,
        "AST": 0.012587320901603088,
        "PRA": 0.026015131849547686,
        "PR": 0.035656816862904915,
        "RA": 0.03486320932050347,
        "PA": 0.05529709588452703,
        "FG3M": 0.014857484370473495,
        "fantasy points prizepicks": 0.019676877279642457,
        "FG3A": 0.01231580372556325,
        "FTM": 0.07847389991420187,
        "FGM": 0.018967945398299126,
        "FGA": 0.02219641898511645,
        "STL": 0.007650021119268866,
        "BLK": 0.007226866171206592,
        "BLST": 0.012104555216460694,
        "TOV": 0.008225360362238003,
        "REB": 0,
        "OREB": 0.01016701429833593,
        "DREB": 0.011900310501136874,
        "PF": 0.01245804152235468
    },
    "WNBA": {
        "AST": 0.013949493830752764,
        "FG3M": 0.014127807341365917,
        "PA": 0.049453842446352224,
        "PR": 0.03797402732575178,
        "PTS": 0.10749532632249297,
        "RA": 0.03143250114646334,
        "REB": 0.012573100332561697,
        "OREB": 0.013542523833667391,
        "DREB": 0.01312681057342166,
        "FGA": 0.021250492973533548,
        "BLK": 0.011327055190505808,
        "STL": 0.009003872031796421,
        "BLST": 0.009168990832729413,
        "TOV": 0.008174343292524,
        "FTM": 0.08265107961471901,
        "PRA": 0.023636009374249495,
        "fantasy points prizepicks": 0.013692759309696202,
        "MIN": 0
    }
}