{
    "MLB": {
        "1st inning hits allowed": 1,
        "1st inning runs allowed": 1,
        "hits+runs+rbi": 1,
        "hits allowed": 1,
        "hitter fantasy points underdog": 0.9688659058888173,
        "hitter fantasy score": 1.0071278003320556,
        "pitcher fantasy points underdog": 0.5420468348249582,
        "pitcher fantasy score": 0.5249131602641597,
        "pitcher strikeouts": 1,
        "pitches thrown": 0.13384418123152625,
        "pitching outs": 0.21330052253689466,
        "runs allowed": 1,
        "stolen bases": 1,
        "total bases": 1,
        "walks": 1,
        "walks allowed": 1
    },
    "NBA": {
        "AST": 0.8027162610578276,
        "BLK": 1,
        "BLST": 1,
        "DREB": 0.7685925759251416,
        "FG3A": 0.7712138562923458,
        "FG3M": 1,
        "FGA": 0.652285214237967,
        "FGM": 0.7373079839931674,
        "FTM": 1,
        "MIN": 0.42063443695070574,
        "OREB": 1,
        "PA": 0.5516323842019414,
        "PF": 1,
        "PR": 0.5009907434061015,
        "PRA": 0.48523034412583643,
        "PTS": 0.5922770554042411,
        "RA": 0.5194861733562234,
        "REB": 0.6465278872317398,
        "STL": 1,
        "TOV": 1,
        "fantasy points prizepicks": 0.6131141120119304,
        "fantasy points underdog": 0.33236147979561625
    },
    "NFL": {
        "attempts": 0.22511174827460376,
        "carries": 0.672862648862498,
        "completions": 0.25546829987018693,
        "fantasy points prizepicks": 0.6064877514685614,
        "fantasy points underdog": 0.6322884241471055,
        "interceptions": 1,
        "passing tds": 1,
        "passing yards": 0.2766566791951792,
        "qb tds": 1,
        "qb yards": 0.2628779833263619,
        "receiving tds": 1.4834862111298392,
        "receiving yards": 0.8370541717781734,
        "receptions": 1,
        "rushing tds": 1,
        "rushing yards": 0.7825700274481594,
        "targets": 0.6274739973246245,
        "tds": 1,
        "yards": 0.7119080374632525,
        "longest completion": 0.3113487647214612,
        "longest rush": 0.5549647196382945,
        "longest reception": 0.6094609950145757,
        "sacks taken": 1,
        "passing first downs": 0.2840152399113485,
        "first downs": 1,
        "fumbles lost": 2.2072173504663577,
        "completion percentage": 0.1165417437202936
    },
    "NHL": {
        "assists": 1,
        "blocked": 1,
        "faceOffWins": 1.1377008708448815,
        "fantasy points prizepicks": 0.8318628764424478,
        "goalie fantasy points underdog": 0.4947810153108584,
        "goals": 1,
        "goalsAgainst": 0.5241642520531248,
        "hits": 1,
        "points": 1,
        "saves": 0.2851203521605306,
        "shots": 1,
        "skater fantasy points underdog": 0.6859971366423298,
        "sogBS": 1,
        "timeOnIce": 0.25002876382912986,
        "powerPlayPoints": 2.097661712287741
    }
}