{
    "MLB": {
        "1st inning hits allowed": 1.0,
        "1st inning runs allowed": 1.0,
        "hits+runs+rbi": 1.0,
        "hits allowed": 1.0,
        "hitter fantasy points underdog": 0.926880429753846,
        "hitter fantasy score": 0.954433518114414,
        "pitcher fantasy points underdog": 0.5064070331132198,
        "pitcher fantasy score": 0.4847877972523974,
        "pitcher strikeouts": 1.0,
        "pitches thrown": 0.13598729538025933,
        "pitching outs": 0.22176507350254218,
        "runs allowed": 1.0,
        "stolen bases": 1.0,
        "total bases": 1.0,
        "walks": 1.0,
        "walks allowed": 1.0,
        "hits": 1.0,
        "runs": 1.0,
        "rbi": 1.0,
        "batter strikeouts": 1.0,
        "singles": 1.0,
        "doubles": 1.0,
        "triples": 1.0,
        "home runs": 1.0
    },
    "NBA": {
        "AST": 1.0,
        "BLK": 1.0,
        "BLST": 1.0,
        "DREB": 1.0,
        "FG3A": 1.0,
        "FG3M": 1.0,
        "FGA": 0.6641740008866416,
        "FGM": 1.0,
        "FTM": 1.0,
        "MIN": 0.4101474145476445,
        "OREB": 1.0,
        "PA": 0.569096524350902,
        "PF": 1.0,
        "PR": 0.5216438842589863,
        "PRA": 0.5097785278257386,
        "PTS": 0.6163794297769297,
        "RA": 0.5445693983874478,
        "REB": 1.0,
        "STL": 1.0,
        "TOV": 1.0,
        "fantasy points prizepicks": 0.5905266825988511,
        "fantasy points underdog": 0.33236147979561625
    },
    "WNBA": {
        "AST": 1.0,
        "BLK": 1.0,
        "BLST": 1.0,
        "DREB": 1.0,
        "FG3A": 1.0,
        "FG3M": 1.0,
        "FGA": 0.6641740008866416,
        "FGM": 1.0,
        "FTM": 1.0,
        "MIN": 0.4101474145476445,
        "OREB": 1.0,
        "PA": 0.569096524350902,
        "PF": 1.0,
        "PR": 0.5216438842589863,
        "PRA": 0.5097785278257386,
        "PTS": 0.6163794297769297,
        "RA": 0.5445693983874478,
        "REB": 1.0,
        "STL": 1.0,
        "TOV": 1.0,
        "fantasy points prizepicks": 0.5905266825988511,
        "fantasy points underdog": 0.33236147979561625
    },
    "NFL": {
        "attempts": 0.2436115438818958,
        "carries": 0.6899440946446127,
        "completions": 0.27403120803795433,
        "fantasy points prizepicks": 0.6330253068703966,
        "fantasy points underdog": 0.6565275254371673,
        "interceptions": 1.0,
        "passing tds": 1.0,
        "passing yards": 0.3010204687019859,
        "qb tds": 1.0,
        "qb yards": 0.2801715575772075,
        "receiving tds": 1.0,
        "receiving yards": 0.9168321124384717,
        "receptions": 1.0,
        "rushing tds": 1.0,
        "rushing yards": 0.8440471949929372,
        "targets": 1.0,
        "tds": 1.0,
        "yards": 0.7704664614599708,
        "longest completion": 0.30050175089384096,
        "longest rush": 0.564108268528606,
        "longest reception": 0.6408165318876401,
        "sacks taken": 1.0,
        "passing first downs": 1.0,
        "first downs": 1.0,
        "fumbles lost": 1.0,
        "completion percentage": 0.1173861539591223
    },
    "NHL": {
        "assists": 1.0,
        "blocked": 1.0,
        "faceOffWins": 1.0,
        "fantasy points prizepicks": 0.8126345082207285,
        "goalie fantasy points underdog": 0.5763410437305174,
        "goals": 1.0,
        "goalsAgainst": 1.0,
        "hits": 1.0,
        "points": 1.0,
        "saves": 0.28273808691351426,
        "shots": 1.0,
        "skater fantasy points underdog": 0.7705671758665948,
        "sogBS": 1.0,
        "timeOnIce": 0.2451020200252792,
        "powerPlayPoints": 1.0
    }
}