{
    "MLB": {
        "1st inning hits allowed": 1.0,
        "1st inning runs allowed": 1.0,
        "hits+runs+rbi": 1.0,
        "hits allowed": 1.0,
        "hitter fantasy points underdog": 0.9247992990955792,
        "hitter fantasy score": 0.9529446166693646,
        "pitcher fantasy points underdog": 0.4976671002579579,
        "pitcher fantasy score": 0.47732534414985334,
        "pitcher strikeouts": 1.0,
        "pitches thrown": 0.13128809742769817,
        "pitching outs": 0.21785958603167743,
        "runs allowed": 1.0,
        "stolen bases": 1.0,
        "total bases": 1.0,
        "walks": 1.0,
        "walks allowed": 1.0,
        "hits": 1.0,
        "runs": 1.0,
        "rbi": 1.0,
        "batter strikeouts": 1.0,
        "singles": 1.0,
        "doubles": 1.0,
        "triples": 1.0,
        "home runs": 1.0
    },
    "NBA": {
        "AST": 1.0,
        "BLK": 1.0,
        "BLST": 1.0,
        "DREB": 1.0,
        "FG3A": 1.0,
        "FG3M": 1.0,
        "FGA": 0.6668720292323443,
        "FGM": 1.0,
        "FTM": 1.0,
        "MIN": 0.4144277506945745,
        "OREB": 1.0,
        "PA": 0.5774508282502395,
        "PF": 1.0,
        "PR": 0.5301368307519998,
        "PRA": 0.5194987288278842,
        "PTS": 0.628584529386393,
        "RA": 0.5595882199452441,
        "REB": 1.0,
        "STL": 1.0,
        "TOV": 1.0,
        "fantasy points prizepicks": 0.5974338669963613,
        "fantasy points underdog": 0.33236147979561625
    },
    "WNBA": {
        "AST": 1.0,
        "BLK": 1.0,
        "BLST": 1.0,
        "DREB": 1.0,
        "FG3A": 1.0,
        "FG3M": 1.0,
        "FGA": 0.6641740008866416,
        "FGM": 1.0,
        "FTM": 1.0,
        "MIN": 0.4101474145476445,
        "OREB": 1.0,
        "PA": 0.3955973554996051,
        "PF": 1.0,
        "PR": 0.38635175132102595,
        "PRA": 0.355927764983375,
        "PTS": 0.4906214227279484,
        "RA": 0.44613101717687864,
        "REB": 1.0,
        "STL": 1.0,
        "TOV": 1.0,
        "fantasy points prizepicks": 0.3415014418500059,
        "fantasy points underdog": 0.33236147979561625
    },
    "NFL": {
        "attempts": 0.24358056984776696,
        "carries": 0.6900240562697517,
        "completions": 0.2741702494297175,
        "fantasy points prizepicks": 0.6327509379968532,
        "fantasy points underdog": 0.6565773661780235,
        "interceptions": 1.0,
        "passing tds": 1.0,
        "passing yards": 0.3007323082308893,
        "qb tds": 1.0,
        "qb yards": 0.28037135068779634,
        "receiving tds": 1.0,
        "receiving yards": 0.9161658686556067,
        "receptions": 1.0,
        "rushing tds": 1.0,
        "rushing yards": 0.84489385800321,
        "targets": 1.0,
        "tds": 1.0,
        "yards": 0.7694580130960383,
        "longest completion": 0.296491059466864,
        "longest rush": 0.5549688200119861,
        "longest reception": 0.6370383895955073,
        "sacks taken": 1.0,
        "passing first downs": 1.0,
        "first downs": 1.0,
        "fumbles lost": 1.0,
        "completion percentage": 0.12286845495160138
    },
    "NHL": {
        "assists": 1.0,
        "blocked": 1.0,
        "faceOffWins": 1.0,
        "fantasy points prizepicks": 0.8175128267421112,
        "goalie fantasy points underdog": 0.5763949297535297,
        "goals": 1.0,
        "goalsAgainst": 1.0,
        "hits": 1.0,
        "points": 1.0,
        "saves": 0.2953991949229753,
        "shots": 1.0,
        "skater fantasy points underdog": 0.7799675713314601,
        "sogBS": 1.0,
        "timeOnIce": 0.24896657144958578,
        "powerPlayPoints": 1.0
    }
}