{
    "NBA": {
        "PTS": 0.02519881191913385,
        "MIN": 0.0,
        "AST": 0.1475121951219512,
        "PRA": 0.0028738384902768466,
        "PR": 0.0034975225881667153,
        "RA": 0.004761904761904762,
        "PA": 0.004883766360617308,
        "FG3M": 0.3370906617432708,
        "fantasy points prizepicks": 0.0,
        "FG3A": 0.11822003486106838,
        "FTM": 0.44904391678924144,
        "FGM": 0.0573086319218241,
        "FGA": 0.0,
        "STL": 0.47840829759648945,
        "BLK": 0.6284980011422044,
        "BLST": 0.30796390741467244,
        "TOV": 0.3294213695275028,
        "REB": 0.030018398373196475,
        "OREB": 0.44698972099853157,
        "DREB": 0.08831618620759907,
        "PF": 0.16383734701934466
    },
    "WNBA": {
        "AST": 0.1881005532369213,
        "FG3M": 0.4990809712682597,
        "PA": 0.00020066218521119696,
        "PR": 0.00020151133501259446,
        "PTS": 0.06072562794726205,
        "RA": 0.00019764798893171263,
        "REB": 0.07032457496136012,
        "OREB": 0.4763809523809524,
        "DREB": 0.11463367485018365,
        "FGA": 0.0,
        "BLK": 0.6966163257503345,
        "STL": 0.4552380952380952,
        "BLST": 0.32127476313522824,
        "TOV": 0.2538387715930902,
        "FTM": 0.42563017125264574,
        "PRA": 0.0002021835826930853,
        "fantasy points prizepicks": 0.00020296326364927948,
        "MIN": 0.0
    },
    "NFL": {
        "passing yards": 0.8174285714285714,
        "rushing yards": 0.5378414264036419,
        "receiving yards": 0.11149228130360206,
        "yards": 0.06578329104407481,
        "qb yards": 0.522375296912114,
        "attempts": 0.8140421072687435,
        "carries": 0.5445321307779031,
        "targets": 0.20198206701274185,
        "fantasy points prizepicks": 0.039492511685586186,
        "fantasy points underdog": 0.038850706376479575,
        "passing tds": 0.8631066106228505,
        "tds": 0.7766090833101142,
        "rushing tds": 0.9000952380952381,
        "receiving tds": 0.8265714285714286,
        "qb tds": 0.8254285714285714,
        "completions": 0.8162934730824202,
        "receptions": 0.16680017801513128,
        "interceptions": 0.9189983875557242,
        "sacks taken": 0.9026957890594254,
        "passing first downs": 0.8644761904761905
    }
}