{
    "NBA": {
        "PTS": 0.025680190930787588,
        "MIN": 0.0,
        "AST": 0.1447872748179379,
        "PRA": 0.002866150759529951,
        "PR": 0.0033829499323410014,
        "RA": 0.004801690194948622,
        "PA": 0.004865706500583885,
        "FG3M": 0.33413461538461536,
        "fantasy points prizepicks": 0.0,
        "FG3A": 0.1117836571316997,
        "FTM": 0.43343120380682393,
        "FGM": 0.055414881184261786,
        "FGA": 0.0,
        "STL": 0.4619549453736827,
        "BLK": 0.6271250831038085,
        "BLST": 0.3002018648466788,
        "TOV": 0.31414634146341464,
        "REB": 0.029720948012232417,
        "OREB": 0.44803672592303184,
        "DREB": 0.08416561621254727,
        "PF": 0.1635808548355328
    },
    "WNBA": {
        "AST": 0.1881005532369213,
        "FG3M": 0.4990809712682597,
        "PA": 0.00020066218521119696,
        "PR": 0.00020151133501259446,
        "PTS": 0.06072562794726205,
        "RA": 0.00019764798893171263,
        "REB": 0.07032457496136012,
        "OREB": 0.4763809523809524,
        "DREB": 0.11463367485018365,
        "FGA": 0.0,
        "BLK": 0.6966163257503345,
        "STL": 0.4552380952380952,
        "BLST": 0.32127476313522824,
        "TOV": 0.2538387715930902,
        "FTM": 0.42563017125264574,
        "PRA": 0.0002021835826930853,
        "fantasy points prizepicks": 0.00020296326364927948,
        "MIN": 0.0
    },
    "NFL": {
        "passing yards": 0.8174285714285714,
        "rushing yards": 0.5378414264036419,
        "receiving yards": 0.11149228130360206,
        "yards": 0.06578329104407481,
        "qb yards": 0.522375296912114,
        "attempts": 0.8140421072687435,
        "carries": 0.5445321307779031,
        "targets": 0.20198206701274185,
        "fantasy points prizepicks": 0.039492511685586186,
        "fantasy points underdog": 0.038850706376479575,
        "passing tds": 0.8631066106228505,
        "tds": 0.7766090833101142,
        "rushing tds": 0.9000952380952381,
        "receiving tds": 0.8265714285714286,
        "qb tds": 0.8254285714285714,
        "completions": 0.8162934730824202,
        "receptions": 0.16680017801513128,
        "interceptions": 0.9189983875557242,
        "sacks taken": 0.9026957890594254,
        "passing first downs": 0.8644761904761905
    }
}