{
    "NBA": {
        "PTS": 0.06491435679517686,
        "MIN": 0.0,
        "AST": 0.012587320901603088,
        "PRA": 0.026015131849547686,
        "PR": 0.035656816862904915,
        "RA": 0.03486320932050347,
        "PA": 0.05529709588452703,
        "FG3M": 0.014857484370473495,
        "fantasy points prizepicks": 0.019676877279642457,
        "FG3A": 0.007474557267608273,
        "FTM": 0.07847389991420187,
        "FGM": 0.01255121866659888,
        "FGA": 0.02219641898511645,
        "STL": 0.007650021119268866,
        "BLK": 0.007226866171206592,
        "BLST": 0.012104555216460694,
        "TOV": 0.008225360362238003,
        "REB": 0,
        "OREB": 0.01016701429833593,
        "DREB": 0.011900310501136874,
        "PF": 0.008325799475438548
    },
    "WNBA": {
        "AST": 0.013949493830752764,
        "FG3M": 0.014127807341365917,
        "PA": 0.049453842446352224,
        "PR": 0.03797402732575178,
        "PTS": 0.10749532632249297,
        "RA": 0.03143250114646334,
        "REB": 0.012573100332561697,
        "OREB": 0.013542523833667391,
        "DREB": 0.01312681057342166,
        "FGA": 0.021250492973533548,
        "BLK": 0.011327055190505808,
        "STL": 0.009003872031796421,
        "BLST": 0.009168990832729413,
        "TOV": 0.008174343292524,
        "FTM": 0.08265107961471901,
        "PRA": 0.023636009374249495,
        "fantasy points prizepicks": 0.013692759309696202,
        "MIN": 0
    },
    "NFL": {
        "passing yards": 0.06598214628789385,
        "rushing yards": 0.16688158281566132,
        "receiving yards": 0.16619005799097708,
        "yards": 0.08832248370148321,
        "qb yards": 0.13831208503492912,
        "attempts": 0,
        "carries": 0,
        "targets": 0,
        "fantasy points prizepicks": 0.04574184778895647,
        "fantasy points underdog": 0.028921390403302636,
        "passing tds": 0.0060141045746665905,
        "tds": 0.005729768964042203,
        "rushing tds": 0.011147886016315875,
        "receiving tds": 0.003247115085268382,
        "qb tds": 0.007542206536575989,
        "completions": 0.05669068647606183,
        "receptions": 0.009844690563000559,
        "interceptions": 0.012455733421215214,
        "sacks taken": 0.03333700465302169,
        "passing first downs": 0.07934161539633022
    }
}