{
    "NBA": {
        "PTS": 0.025295914471172205,
        "MIN": 0.0,
        "AST": 0.14852054007469118,
        "PRA": 0.0027687607408821845,
        "PR": 0.0035396536879364776,
        "RA": 0.005178862568332215,
        "PA": 0.005074684029107622,
        "FG3M": 0.331028522039758,
        "fantasy points prizepicks": 0.0,
        "FG3A": 0.08095238095238096,
        "FTM": 0.41104713574704793,
        "FGM": 0.05228571428571428,
        "FGA": 0.0,
        "STL": 0.4553863942956254,
        "BLK": 0.632343171680744,
        "BLST": 0.29705825802730246,
        "TOV": 0.30527128789341573,
        "REB": 0.03028855341104529,
        "OREB": 0.4279047619047619,
        "DREB": 0.08238095238095237,
        "PF": 0.15438095238095237
    },
    "WNBA": {
        "AST": 0.013949493830752764,
        "FG3M": 0.014127807341365917,
        "PA": 0.049453842446352224,
        "PR": 0.03797402732575178,
        "PTS": 0.10749532632249297,
        "RA": 0.03143250114646334,
        "REB": 0.012573100332561697,
        "OREB": 0.013542523833667391,
        "DREB": 0.01312681057342166,
        "FGA": 0.021250492973533548,
        "BLK": 0.011327055190505808,
        "STL": 0.009003872031796421,
        "BLST": 0.009168990832729413,
        "TOV": 0.008174343292524,
        "FTM": 0.08265107961471901,
        "PRA": 0.023636009374249495,
        "fantasy points prizepicks": 0.013692759309696202,
        "MIN": 0
    },
    "NFL": {
        "passing yards": 0.8174285714285714,
        "rushing yards": 0.5378414264036419,
        "receiving yards": 0.11149228130360206,
        "yards": 0.06578329104407481,
        "qb yards": 0.522375296912114,
        "attempts": 0.8140421072687435,
        "carries": 0.5445321307779031,
        "targets": 0.20198206701274185,
        "fantasy points prizepicks": 0.039492511685586186,
        "fantasy points underdog": 0.038850706376479575,
        "passing tds": 0.8631066106228505,
        "tds": 0.7766090833101142,
        "rushing tds": 0.9000952380952381,
        "receiving tds": 0.8265714285714286,
        "qb tds": 0.8254285714285714,
        "completions": 0.8162934730824202,
        "receptions": 0.16680017801513128,
        "interceptions": 0.9189983875557242,
        "sacks taken": 0.9026957890594254,
        "passing first downs": 0.8644761904761905
    }
}