{
    "MLB": {
        "1st inning hits allowed": 1.1523813970509516,
        "1st inning runs allowed": 0.6877721723325934,
        "batter strikeouts": 0.8765040852709207,
        "doubles": 0.39101570076495146,
        "hits+runs+rbi": 1.9185707216552372,
        "hits allowed": 2.1898419167663308,
        "hits": 0.8785265763389437,
        "hitter fantasy points underdog": 7.4472169969372155,
        "hitter fantasy score": 7.402748465960341,
        "home runs": 0.34132924500712747,
        "pitcher fantasy points underdog": 14.795475319980627,
        "pitcher fantasy score": 14.447057223955422,
        "pitcher strikeouts": 2.4241506642141784,
        "pitches thrown": 12.141486504900627,
        "pitching outs": 3.6575925794970505,
        "rbi": 0.7769934766270319,
        "runs allowed": 1.9922196525550728,
        "runs": 0.6634748918981617,
        "singles": 0.7127080183245458,
        "stolen bases": 0.2960421368189159,
        "total bases": 1.756133009823235,
        "walks allowed": 1.3704222842549467,
        "walks": 0.6045289600744786
    },
    "NBA": {
        "AST": 2.7885576902038847,
        "BLK": 0.8263163530965651,
        "BLST": 1.3659830846824312,
        "DREB": 2.570496848306682,
        "FG3A": 2.921397059447006,
        "FG3M": 1.5511550308814794,
        "FGA": 5.836707251690299,
        "FGM": 3.055133129839349,
        "FTM": 2.4448093236045416,
        "MIN": 9.673267468729225,
        "OREB": 1.2240232498157038,
        "PA": 10.086178233744425,
        "PF": 1.4518102926253333,
        "PR": 10.218796689975326,
        "PRA": 11.537450363763563,
        "PTS": 8.751845657554423,
        "RA": 4.643202962181944,
        "REB": 3.4073025942658215,
        "STL": 0.9328623004419769,
        "TOV": 1.4322311965103862,
        "fantasy points prizepicks": 14.525684015552445
    },
    "NFL": {
        "attempts": 8.123274612716596,
        "carries": 6.653933051522233,
        "completion percentage": 7.594331150975317,
        "completions": 5.924432926132557,
        "fantasy points prizepicks": 8.173208744206558,
        "fantasy points underdog": 7.83478372003647,
        "first downs": 1.6798741165368776,
        "fumbles lost": 0.3138555652244978,
        "interceptions": 0.8653149644492906,
        "longest completion": 11.20402858378504,
        "longest reception": 11.238680478662488,
        "longest rush": 8.188073129271215,
        "passing first downs": 2.6915064402780664,
        "passing tds": 1.0866056596662355,
        "passing yards": 71.2834082786067,
        "qb tds": 1.1265890485449208,
        "qb yards": 71.64995344856474,
        "receiving tds": 0.4631042082880855,
        "receiving yards": 34.168606422901455,
        "receptions": 2.4027384941212806,
        "rushing tds": 0.6220677053944431,
        "rushing yards": 35.683930053532926,
        "sacks taken": 1.5405705857426728,
        "targets": 3.245557434236726,
        "tds": 0.5626781363687114,
        "yards": 39.35646771649211
    },
    "NHL": {
        "assists": 0.5706177695057056,
        "blocked": 1.0523592855189976,
        "faceOffWins": 3.7668770824814275,
        "fantasy points prizepicks": 5.294009863132096,
        "goalie fantasy points underdog": 7.12956938012323,
        "goals": 0.4773141662711541,
        "goalsAgainst": 1.529499643521736,
        "hits": 1.4161632538831574,
        "points": 0.7357363759278063,
        "powerPlayPoints": 0.43580765793109294,
        "saves": 7.447981588807534,
        "shots": 1.5983970154167857,
        "skater fantasy points underdog": 4.461909629814428,
        "sogBS": 1.75516069393609,
        "timeOnIce": 4.142584449197734
    }
}