{
    "MLB": {
        "1st inning hits allowed": 1.1523813970509516,
        "1st inning runs allowed": 0.6877721723325934,
        "batter strikeouts": 0.875590116353493,
        "doubles": 0.394069040108933,
        "hits+runs+rbi": 1.913980358643183,
        "hits allowed": 2.1868581338075623,
        "hits": 0.8762135198508404,
        "hitter fantasy points underdog": 7.4345009239891695,
        "hitter fantasy score": 7.39803933591191,
        "home runs": 0.34553181448500264,
        "pitcher fantasy points underdog": 14.824715590862672,
        "pitcher fantasy score": 14.405304676754344,
        "pitcher strikeouts": 2.4205256803616746,
        "pitches thrown": 11.836897243623763,
        "pitching outs": 3.6381380251099817,
        "rbi": 0.7801473983640484,
        "runs allowed": 1.9970694704909135,
        "runs": 0.662961166109485,
        "singles": 0.7122770201359758,
        "stolen bases": 0.32256887131848144,
        "total bases": 1.7484245176677593,
        "walks allowed": 1.3742727180652545,
        "walks": 0.6056676951471353
    },
    "NBA": {
        "AST": 2.831764982372633,
        "BLK": 0.8420393354485065,
        "BLST": 1.3816246887738473,
        "DREB": 2.608054978684082,
        "FG3A": 2.962459513387521,
        "FG3M": 1.581497406366096,
        "FGA": 5.956301661849665,
        "FGM": 3.0745680653636263,
        "FTM": 2.4905581437603823,
        "MIN": 9.766441846622783,
        "OREB": 1.244448628940165,
        "PA": 10.223759628029052,
        "PF": 1.4638001493196384,
        "PR": 10.368223585165971,
        "PRA": 11.704277953377717,
        "PTS": 8.902669941861067,
        "RA": 4.726517815918249,
        "REB": 3.4774045529330637,
        "STL": 0.9402000954686881,
        "TOV": 1.4417855216440885,
        "fantasy points prizepicks": 14.722851429972835
    },
    "NFL": {
        "attempts": 8.123274612716596,
        "carries": 6.653933051522233,
        "completion percentage": 7.594331150975317,
        "completions": 5.924432926132557,
        "fantasy points prizepicks": 8.173208744206558,
        "fantasy points underdog": 7.83478372003647,
        "first downs": 1.6798741165368776,
        "fumbles lost": 0.3138555652244978,
        "interceptions": 0.8653149644492906,
        "longest completion": 11.20402858378504,
        "longest reception": 11.238680478662488,
        "longest rush": 8.188073129271215,
        "passing first downs": 2.6915064402780664,
        "passing tds": 1.0866056596662355,
        "passing yards": 71.2834082786067,
        "qb tds": 1.146846979711437,
        "qb yards": 71.64995344856474,
        "receiving tds": 0.4631042082880855,
        "receiving yards": 34.168606422901455,
        "receptions": 2.4027384941212806,
        "rushing tds": 0.6220677053944431,
        "rushing yards": 35.683930053532926,
        "sacks taken": 1.5405705857426728,
        "targets": 3.245557434236726,
        "tds": 0.5626781363687114,
        "yards": 39.35646771649211
    },
    "NHL": {
        "assists": 0.5812438357879096,
        "blocked": 1.1263476103913124,
        "faceOffWins": 3.787461176170535,
        "fantasy points prizepicks": 5.336663276221903,
        "goalie fantasy points underdog": 7.12681046317878,
        "goals": 0.48646716144587765,
        "goalsAgainst": 1.5608821892015348,
        "hits": 1.4667020083796503,
        "points": 0.7431081463360503,
        "powerPlayPoints": 0.45446727486187094,
        "saves": 7.740702834860164,
        "shots": 1.6277347996169524,
        "skater fantasy points underdog": 4.521790885531301,
        "sogBS": 1.8102546690838794,
        "timeOnIce": 4.2233825903990025
    },
    "WNBA": {
        "AST": 2.5414581848537474,
        "PR": 7.188970192209133,
        "PTS": 7.118204188363724,
        "RA": 3.7011551791789956,
        "REB": 3.213856037589909,
        "PA": 6.52590967961012,
        "FG3M": 1.4794497352738112,
        "PRA": 8.012383644206018,
        "fantasy points prizepicks": 9.631863897812462
    }
}