{
    "MLB": {
        "1st inning hits allowed": 1.0,
        "1st inning runs allowed": 1.0,
        "hits+runs+rbi": 1.0,
        "hits allowed": 1.0,
        "hitter fantasy points underdog": 0.9258998286500826,
        "hitter fantasy score": 0.9538246133297942,
        "pitcher fantasy points underdog": 0.5031048814682079,
        "pitcher fantasy score": 0.4796942050703368,
        "pitcher strikeouts": 1.0,
        "pitches thrown": 0.13248589044755774,
        "pitching outs": 0.22013624479043029,
        "runs allowed": 1.0,
        "stolen bases": 1.0,
        "total bases": 1.0,
        "walks": 1.0,
        "walks allowed": 1.0,
        "hits": 1.0,
        "runs": 1.0,
        "rbi": 1.0,
        "batter strikeouts": 1.0,
        "singles": 1.0,
        "doubles": 1.0,
        "triples": 1.0,
        "home runs": 1.0
    },
    "NBA": {
        "AST": 1.0,
        "BLK": 1.0,
        "BLST": 1.0,
        "DREB": 1.0,
        "FG3A": 1.0,
        "FG3M": 1.0,
        "FGA": 0.6645120575782806,
        "FGM": 1.0,
        "FTM": 1.0,
        "MIN": 0.4143459241364457,
        "OREB": 1.0,
        "PA": 0.5758655935094643,
        "PF": 1.0,
        "PR": 0.5283462569196845,
        "PRA": 0.517404096066406,
        "PTS": 0.627461598045241,
        "RA": 0.5572537900962237,
        "REB": 1.0,
        "STL": 1.0,
        "TOV": 1.0,
        "fantasy points prizepicks": 0.594707180250191,
        "fantasy points underdog": 0.33236147979561625
    },
    "WNBA": {
        "AST": 1.0,
        "BLK": 1.0,
        "BLST": 1.0,
        "DREB": 1.0,
        "FG3A": 1.0,
        "FG3M": 1.0,
        "FGA": 0.6641740008866416,
        "FGM": 1.0,
        "FTM": 1.0,
        "MIN": 0.4101474145476445,
        "OREB": 1.0,
        "PA": 0.3705907489664476,
        "PF": 1.0,
        "PR": 0.36219751741937545,
        "PRA": 0.34726614208820894,
        "PTS": 0.4816299259236401,
        "RA": 0.43740924844842677,
        "REB": 1.0,
        "STL": 1.0,
        "TOV": 1.0,
        "fantasy points prizepicks": 0.34209477165843705,
        "fantasy points underdog": 0.33236147979561625
    },
    "NFL": {
        "attempts": 0.2436115438818958,
        "carries": 0.6899440946446127,
        "completions": 0.27403120803795433,
        "fantasy points prizepicks": 0.6330253068703966,
        "fantasy points underdog": 0.6565275254371673,
        "interceptions": 1.0,
        "passing tds": 1.0,
        "passing yards": 0.3010204687019859,
        "qb tds": 1.0,
        "qb yards": 0.2801715575772075,
        "receiving tds": 1.0,
        "receiving yards": 0.9168321124384717,
        "receptions": 1.0,
        "rushing tds": 1.0,
        "rushing yards": 0.8440471949929372,
        "targets": 1.0,
        "tds": 1.0,
        "yards": 0.7704664614599708,
        "longest completion": 0.30050175089384096,
        "longest rush": 0.564108268528606,
        "longest reception": 0.6408165318876401,
        "sacks taken": 1.0,
        "passing first downs": 1.0,
        "first downs": 1.0,
        "fumbles lost": 1.0,
        "completion percentage": 0.1173861539591223
    },
    "NHL": {
        "assists": 1.0,
        "blocked": 1.0,
        "faceOffWins": 1.0,
        "fantasy points prizepicks": 0.8142671395954878,
        "goalie fantasy points underdog": 0.5784717080490865,
        "goals": 1.0,
        "goalsAgainst": 1.0,
        "hits": 1.0,
        "points": 1.0,
        "saves": 0.29451006834850546,
        "shots": 1.0,
        "skater fantasy points underdog": 0.7783968528485591,
        "sogBS": 1.0,
        "timeOnIce": 0.2481909188248861,
        "powerPlayPoints": 1.0
    }
}