{
    "MLB": {
        "1st inning hits allowed": 1.0,
        "1st inning runs allowed": 1.0,
        "hits+runs+rbi": 1.0,
        "hits allowed": 1.0,
        "hitter fantasy points underdog": 0.9279606157341483,
        "hitter fantasy score": 0.9560581853144773,
        "pitcher fantasy points underdog": 0.506937827255673,
        "pitcher fantasy score": 0.48523840457325973,
        "pitcher strikeouts": 1.0,
        "pitches thrown": 0.1367382809126428,
        "pitching outs": 0.22251797207112606,
        "runs allowed": 1.0,
        "stolen bases": 1.0,
        "total bases": 1.0,
        "walks": 1.0,
        "walks allowed": 1.0,
        "hits": 1.0,
        "runs": 1.0,
        "rbi": 1.0,
        "batter strikeouts": 1.0,
        "singles": 1.0,
        "doubles": 1.0,
        "triples": 1,
        "home runs": 1.0
    },
    "NBA": {
        "AST": 1.0,
        "BLK": 1.0,
        "BLST": 1.0,
        "DREB": 1.0,
        "FG3A": 1.0,
        "FG3M": 1.0,
        "FGA": 0.6667808664570932,
        "FGM": 1.0,
        "FTM": 1.0,
        "MIN": 0.4283208150284987,
        "OREB": 1.0,
        "PA": 0.5750039265363996,
        "PF": 1.0,
        "PR": 0.5257179787413329,
        "PRA": 0.5146410562414648,
        "PTS": 0.6209084319332302,
        "RA": 0.5486216958857653,
        "REB": 1.0,
        "STL": 1.0,
        "TOV": 1.0,
        "fantasy points prizepicks": 0.5942871235977253,
        "fantasy points underdog": 0.33236147979561625
    },
    "NFL": {
        "attempts": 0.2436115438818958,
        "carries": 0.6900059740473297,
        "completions": 0.27403120803795433,
        "fantasy points prizepicks": 0.6338387949670986,
        "fantasy points underdog": 0.6577232820149149,
        "interceptions": 1.0,
        "passing tds": 1.0,
        "passing yards": 0.3010204687019859,
        "qb tds": 1.0,
        "qb yards": 0.2801715575772075,
        "receiving tds": 1.0,
        "receiving yards": 0.9167842667940771,
        "receptions": 1.0,
        "rushing tds": 1.0,
        "rushing yards": 0.8433714872375988,
        "targets": 1.0,
        "tds": 1.0,
        "yards": 0.7775179809761168,
        "longest completion": 0.31730005145072937,
        "longest rush": 0.6156323513295523,
        "longest reception": 0.6528699220457355,
        "sacks taken": 1.0,
        "passing first downs": 1.0,
        "first downs": 1.0,
        "fumbles lost": 1.0,
        "completion percentage": 0.12674695153347051
    },
    "NHL": {
        "assists": 1.0,
        "blocked": 1.0,
        "faceOffWins": 1.0,
        "fantasy points prizepicks": 0.8378194151413366,
        "goalie fantasy points underdog": 0.5766019366664769,
        "goals": 1.0,
        "goalsAgainst": 1.0,
        "hits": 1.0,
        "points": 1.0,
        "saves": 0.2932938787735735,
        "shots": 1.0,
        "skater fantasy points underdog": 0.7745110667769599,
        "sogBS": 1.0,
        "timeOnIce": 0.24998122468906395,
        "powerPlayPoints": 1.0
    }
}