{
    "MLB": {
        "1st inning hits allowed": 1,
        "1st inning runs allowed": 1,
        "hits+runs+rbi": 1,
        "hits allowed": 1,
        "hitter fantasy points underdog": 0.9688659058888173,
        "hitter fantasy score": 1.0071278003320556,
        "pitcher fantasy points underdog": 0.5420468348249582,
        "pitcher fantasy score": 0.5249131602641597,
        "pitcher strikeouts": 1,
        "pitches thrown": 0.13384418123152625,
        "pitching outs": 0.21330052253689466,
        "runs allowed": 1,
        "stolen bases": 1,
        "total bases": 1,
        "walks": 1,
        "walks allowed": 1
    },
    "NBA": {
        "AST": 0.7957085048435205,
        "BLK": 1,
        "BLST": 1,
        "DREB": 0.796672909974914,
        "FG3A": 0.773898619427044,
        "FG3M": 1,
        "FGA": 0.6619056982406252,
        "FGM": 0.7541806906796633,
        "FTM": 1,
        "MIN": 0.4267521905636941,
        "OREB": 1,
        "PA": 0.5487482421600391,
        "PF": 1,
        "PR": 0.5016595179675792,
        "PRA": 0.4838970068131778,
        "PTS": 0.5850166455237558,
        "RA": 0.5217765424964486,
        "REB": 0.6462720001393929,
        "STL": 1,
        "TOV": 1,
        "fantasy points prizepicks": 0.6165835733148199,
        "fantasy points underdog": 0.3326627152937281
    },
    "NFL": {
        "attempts": 0.22511174827460376,
        "carries": 0.672862648862498,
        "completions": 0.25546829987018693,
        "fantasy points prizepicks": 0.6064877514685614,
        "fantasy points underdog": 0.6322884241471055,
        "interceptions": 1,
        "passing tds": 1,
        "passing yards": 0.2766566791951792,
        "qb tds": 1,
        "qb yards": 0.2628779833263619,
        "receiving tds": 1.4834862111298392,
        "receiving yards": 0.8370541717781734,
        "receptions": 1,
        "rushing tds": 1,
        "rushing yards": 0.7825700274481594,
        "targets": 0.6274739973246245,
        "tds": 1,
        "yards": 0.7119080374632525,
        "longest completion": 0.2966374078805009,
        "longest rush": 0.5125028127382688,
        "longest reception": 0.6029662970179933,
        "sacks taken": 1,
        "passing first downs": 1,
        "first downs": 1,
        "fumbles lost": 2.2072173504663577,
        "completion percentage": 0.11538522624527824
    },
    "NHL": {
        "assists": 1,
        "blocked": 1,
        "faceOffWins": 1.146150173549589,
        "fantasy points prizepicks": 0.8318628764424478,
        "goalie fantasy points underdog": 0.24587731875858757,
        "goals": 1,
        "goalsAgainst": 0.5291181845191102,
        "hits": 1,
        "points": 1,
        "saves": 0.28614157000310264,
        "shots": 1,
        "skater fantasy points underdog": 0.6858884007369661,
        "sogBS": 1,
        "timeOnIce": 0.2506291877523893,
        "powerPlayPoints": 2.090473210105153
    }
}