{
    "MLB": {
        "1st inning hits allowed": 1.1523813970509516,
        "1st inning runs allowed": 0.6877721723325934,
        "batter strikeouts": 0.8748131620963157,
        "doubles": 0.3941358873221122,
        "hits+runs+rbi": 1.9096766482043803,
        "hits allowed": 2.1895017998248827,
        "hits": 0.8744936880347248,
        "hitter fantasy points underdog": 7.436196320453259,
        "hitter fantasy score": 7.393447363479958,
        "home runs": 0.3440904237647455,
        "pitcher fantasy points underdog": 14.835844532471409,
        "pitcher fantasy score": 14.441147409554217,
        "pitcher strikeouts": 2.4240940982558907,
        "pitches thrown": 11.73654227689123,
        "pitching outs": 3.6076354964456447,
        "rbi": 0.7814003392502414,
        "runs allowed": 1.9983883787102157,
        "runs": 0.6619217337233462,
        "singles": 0.7122564773390996,
        "stolen bases": 0.3229046137240067,
        "total bases": 1.7432910955313825,
        "walks allowed": 1.369955515783403,
        "walks": 0.6045630516997011
    },
    "NBA": {
        "AST": 2.839397708411868,
        "BLK": 0.8467290661795831,
        "BLST": 1.386241457616517,
        "DREB": 2.6219452730574995,
        "FG3A": 2.976157631231024,
        "FG3M": 1.5863905409850907,
        "FGA": 5.9978119605251985,
        "FGM": 3.084117492883473,
        "FTM": 2.5058612386954078,
        "MIN": 9.775335874903439,
        "OREB": 1.252861646452025,
        "PA": 10.265415749334254,
        "PF": 1.4643611836915453,
        "PR": 10.410608224200987,
        "PRA": 11.766877345118827,
        "PTS": 8.932604182195341,
        "RA": 4.745820333345586,
        "REB": 3.49005561117694,
        "STL": 0.9413078361262806,
        "TOV": 1.4442169034257186,
        "fantasy points prizepicks": 14.798476319216666
    },
    "NFL": {
        "attempts": 8.12598625733705,
        "carries": 6.656445763963342,
        "completion percentage": 7.913958879636672,
        "completions": 5.930786611221902,
        "fantasy points prizepicks": 8.173070082640294,
        "fantasy points underdog": 7.834001668159623,
        "first downs": 1.7107780847621494,
        "fumbles lost": 0.31541340493074527,
        "interceptions": 0.8634245766023805,
        "longest completion": 10.934184289529545,
        "longest reception": 11.106850776835199,
        "longest rush": 8.03842808365015,
        "passing first downs": 2.6930780781536092,
        "passing tds": 1.0892872834590825,
        "passing yards": 71.27594803196996,
        "qb tds": 1.156680770831902,
        "qb yards": 71.77779747214102,
        "receiving tds": 0.4685748161410326,
        "receiving yards": 34.148921593173945,
        "receptions": 2.403368776044451,
        "rushing tds": 0.6223544552456111,
        "rushing yards": 35.69630731524625,
        "sacks taken": 1.5477119965708968,
        "targets": 3.249284911120303,
        "tds": 0.5649081185637476,
        "yards": 39.40941503888282
    },
    "NHL": {
        "assists": 0.583702057412495,
        "blocked": 1.1315970082052094,
        "faceOffWins": 3.7931716995530143,
        "fantasy points prizepicks": 5.424502743385365,
        "goalie fantasy points underdog": 7.111624795179932,
        "goals": 0.48891425793481996,
        "goalsAgainst": 1.5601058630034637,
        "hits": 1.4687794772622187,
        "points": 0.7451324079189046,
        "powerPlayPoints": 0.45795106218934317,
        "saves": 7.7596145688767315,
        "shots": 1.6286588740685366,
        "skater fantasy points underdog": 4.535874192123385,
        "sogBS": 1.811375996295543,
        "timeOnIce": 4.238800449544214
    },
    "WNBA": {
        "AST": 2.5794476018202173,
        "PR": 7.701568110336656,
        "PTS": 7.1491025347063015,
        "RA": 3.8737297035339724,
        "REB": 3.244119552228157,
        "PA": 6.898284447950698,
        "FG3M": 1.501902997637324,
        "PRA": 8.24640659038638,
        "fantasy points prizepicks": 9.824904184337683
    }
}