{
    "MLB": {
        "1st inning hits allowed": 1.0106537285925121,
        "1st inning runs allowed": 0.814839009906518,
        "batter strikeouts": 0.8768837828660988,
        "doubles": 0.3893922291243921,
        "hits+runs+rbi": 1.918397869260332,
        "hits allowed": 2.1903397291486857,
        "hits": 0.8788550225004786,
        "hitter fantasy points underdog": 7.452391160901613,
        "hitter fantasy score": 7.397153147875772,
        "home runs": 0.33917278146405655,
        "pitcher fantasy points underdog": 14.824863387752494,
        "pitcher fantasy score": 14.49333870927561,
        "pitcher strikeouts": 2.4469960146421754,
        "pitches thrown": 12.206154033954478,
        "pitching outs": 3.6676626810801154,
        "rbi": 0.773855149779993,
        "runs allowed": 1.9868988821061695,
        "runs": 0.6630417832347488,
        "singles": 0.7127446960604715,
        "stolen bases": 0.28896482415648034,
        "total bases": 1.753991201999894,
        "walks allowed": 1.3686347460744706,
        "walks": 0.601056526185286
    },
    "NBA": {
        "AST": 2.7708296323484687,
        "BLK": 0.8170981394109124,
        "BLST": 1.3620116798539559,
        "DREB": 2.6142832606665714,
        "FG3A": 2.919025060478881,
        "FG3M": 1.54184785428951,
        "FGA": 5.830476631913803,
        "FGM": 3.0564730654517707,
        "FTM": 2.4425199964599864,
        "MIN": 10.036694958766844,
        "OREB": 1.2624402279873788,
        "PA": 10.14523073925496,
        "PF": 1.4491302400487875,
        "PR": 10.270001856837789,
        "PRA": 11.604173280138165,
        "PTS": 8.77313997356196,
        "RA": 4.663637075214918,
        "REB": 3.4179866408771877,
        "STL": 0.9300157190998606,
        "TOV": 1.431542301504473,
        "fantasy points prizepicks": 14.588623572164888
    },
    "NFL": {
        "attempts": 8.123274612716596,
        "carries": 6.6517192893072306,
        "completion percentage": 8.197909264961922,
        "completions": 5.924432926132557,
        "fantasy points prizepicks": 8.168388678889137,
        "fantasy points underdog": 7.832006941772144,
        "first downs": 1.613156307486894,
        "fumbles lost": 0.3138555652244978,
        "interceptions": 0.8653149644492906,
        "longest completion": 11.909876727908737,
        "longest reception": 11.704943866373243,
        "longest rush": 8.886662125453235,
        "passing first downs": 2.911478197532191,
        "passing tds": 1.0866056596662357,
        "passing yards": 71.2834082786067,
        "qb tds": 1.1213678233137079,
        "qb yards": 71.64995344856474,
        "receiving tds": 0.44856985840898317,
        "receiving yards": 34.147215111038456,
        "receptions": 2.4018190398214814,
        "rushing tds": 0.6134319258547426,
        "rushing yards": 35.66448368823426,
        "sacks taken": 1.612374223863918,
        "targets": 3.239757306096116,
        "tds": 0.5562581823405166,
        "yards": 39.339357252110126
    },
    "NHL": {
        "assists": 0.558050622843599,
        "blocked": 1.0474583542188871,
        "faceOffWins": 3.7558591359852778,
        "fantasy points prizepicks": 5.463596612175679,
        "goalie fantasy points underdog": 7.141095178845866,
        "goals": 0.47224553664171676,
        "goalsAgainst": 1.514616127709546,
        "hits": 1.4010832344327468,
        "points": 0.7279574516210464,
        "powerPlayPoints": 0.4234326759232086,
        "saves": 7.708715452808707,
        "shots": 1.583499872981548,
        "skater fantasy points underdog": 4.479009188844386,
        "sogBS": 1.757137853572221,
        "timeOnIce": 4.22243920422436
    }
}