{
    "NBA": {
        "STL": {
            "Threshold": [
                0.6440000000000001,
                0.6440000000000001
            ],
            "Stats": {
                "Accuracy": [
                    0.6130625686059276,
                    0.6733436055469953,
                    0.6733436055469953
                ],
                "Null Points": [
                    0.276984126984127,
                    0.7424603174603175,
                    0.7424603174603175
                ],
                "Precision_Over": [
                    0.5953259532595326,
                    0.6543624161073825,
                    0.6543624161073825
                ],
                "Precision_Under": [
                    0.6273538156590683,
                    0.6894586894586895,
                    0.6894586894586895
                ],
                "ROC_AUC": [
                    0.60309368098264,
                    0.5772584388458484,
                    0.5772584388458484
                ]
            }
        },
        "FG3M": {
            "Threshold": [
                0.6480000000000001,
                0.6480000000000001
            ],
            "Stats": {
                "Accuracy": [
                    0.624493106244931,
                    0.6767515923566879,
                    0.6767515923566879
                ],
                "Null Points": [
                    0.2610128858255919,
                    0.8118070122864849,
                    0.8118070122864849
                ],
                "Precision_Over": [
                    0.6130742049469965,
                    0.6147540983606558,
                    0.6147540983606558
                ],
                "Precision_Under": [
                    0.6278947368421053,
                    0.691699604743083,
                    0.691699604743083
                ],
                "ROC_AUC": [
                    0.5934852057226856,
                    0.5507766449810068,
                    0.5507766449810068
                ]
            }
        },
        "PRA": {
            "Threshold": [
                0.6480000000000001,
                0.6480000000000001
            ],
            "Stats": {
                "Accuracy": [
                    0.5285820341499629,
                    0.6,
                    0.6
                ],
                "Null Points": [
                    0.698252688172043,
                    0.9731182795698925,
                    0.9731182795698925
                ],
                "Precision_Over": [
                    0.5210970464135021,
                    0.5909090909090909,
                    0.5909090909090909
                ],
                "Precision_Under": [
                    0.5326460481099656,
                    0.6052631578947368,
                    0.6052631578947368
                ],
                "ROC_AUC": [
                    0.5144170576555841,
                    0.505262567300178,
                    0.505262567300178
                ]
            }
        },
        "BLST": {
            "Threshold": [
                0.6420000000000001,
                0.6420000000000001
            ],
            "Stats": {
                "Accuracy": [
                    0.6203652462645268,
                    0.7027027027027027,
                    0.7027027027027027
                ],
                "Null Points": [
                    0.19438252340615247,
                    0.6865804725813642,
                    0.6865804725813642
                ],
                "Precision_Over": [
                    0.5150684931506849,
                    0.49295774647887325,
                    0.49295774647887325
                ],
                "Precision_Under": [
                    0.6470180305131762,
                    0.7262658227848101,
                    0.7262658227848101
                ],
                "ROC_AUC": [
                    0.573706724096201,
                    0.5796007428958118,
                    0.5796007428958118
                ]
            }
        },
        "AST": {
            "Threshold": [
                0.6490000000000001,
                0.6490000000000001
            ],
            "Stats": {
                "Accuracy": [
                    0.5626666666666666,
                    0.6285046728971962,
                    0.6285046728971962
                ],
                "Null Points": [
                    0.45152528207271203,
                    0.9105725031341413,
                    0.9105725031341413
                ],
                "Precision_Over": [
                    0.5835117773019272,
                    0.6262135922330098,
                    0.6262135922330098
                ],
                "Precision_Under": [
                    0.5511531638083974,
                    0.6306306306306306,
                    0.6306306306306306
                ],
                "ROC_AUC": [
                    0.5486556745466231,
                    0.5219280045826697,
                    0.5219280045826697
                ]
            }
        },
        "PTS": {
            "Threshold": [
                0.6480000000000001,
                0.6480000000000001
            ],
            "Stats": {
                "Accuracy": [
                    0.526875699888018,
                    0.5633802816901409,
                    0.5633802816901409
                ],
                "Null Points": [
                    0.6603917094504659,
                    0.9729986689484693,
                    0.9729986689484693
                ],
                "Precision_Over": [
                    0.5142428785607196,
                    0.4827586206896552,
                    0.4827586206896552
                ],
                "Precision_Under": [
                    0.5344057193923145,
                    0.6190476190476191,
                    0.6190476190476191
                ],
                "ROC_AUC": [
                    0.5145686217727383,
                    0.5033262387074955,
                    0.5033262387074955
                ]
            }
        },
        "REB": {
            "Threshold": [
                0.6470000000000001,
                0.6410000000000001
            ],
            "Stats": {
                "Accuracy": [
                    0.5599078341013825,
                    0.6072423398328691,
                    0.6073298429319371
                ],
                "Null Points": [
                    0.4569343065693431,
                    0.9251303441084463,
                    0.9203336809176226
                ],
                "Precision_Over": [
                    0.5721739130434783,
                    0.6451612903225806,
                    0.6122448979591837
                ],
                "Precision_Under": [
                    0.5564317397732873,
                    0.5939849624060151,
                    0.6056338028169014
                ],
                "ROC_AUC": [
                    0.5386224467739439,
                    0.513968658439818,
                    0.5148799023265089
                ]
            }
        },
        "PR": {
            "Threshold": [
                0.544,
                0.544
            ],
            "Stats": {
                "Accuracy": [
                    0.5160744500846024,
                    0.5185909980430529,
                    0.5185909980430529
                ],
                "Null Points": [
                    0.7208313651393481,
                    0.7586206896551724,
                    0.7586206896551724
                ],
                "Precision_Over": [
                    0.4784688995215311,
                    0.4972972972972973,
                    0.4972972972972973
                ],