{
    "NBA": {
        "STL": {
            "Threshold": 0.5930000000000001,
            "Stats": {
                "Accuracy": [
                    0.4369047619047619,
                    0.2849206349206349
                ],
                "Precision_Over": [
                    0.5828505214368482,
                    0.6143497757847534
                ],
                "Precision_Under": [
                    0.6388888888888888,
                    0.6597325408618128
                ],
                "ROC_AUC": [
                    0.6023630050505051,
                    0.5958118686868688
                ]
            }
        },
        "PRA": {
            "Threshold": 0.5900000000000001,
            "Stats": {
                "Accuracy": [
                    0.16266007638732868,
                    0.04021568186924287
                ],
                "Precision_Over": [
                    0.5149006622516556,
                    0.543046357615894
                ],
                "Precision_Under": [
                    0.5267857142857143,
                    0.610062893081761
                ],
                "ROC_AUC": [
                    0.5100019328578557,
                    0.5103606033427928
                ]
            }
        },
        "BLST": {
            "Threshold": 0.5980000000000001,
            "Stats": {
                "Accuracy": [
                    0.4808206958073149,
                    0.30999107939339876
                ],
                "Precision_Over": [
                    0.5224719101123596,
                    0.5357142857142857
                ],
                "Precision_Under": [
                    0.6339729921819474,
                    0.6768558951965066
                ],
                "ROC_AUC": [
                    0.5722934080682731,
                    0.5859035707146732
                ]
            }
        },
        "AST": {
            "Threshold": 0.5760000000000001,
            "Stats": {
                "Accuracy": [
                    0.2773478351809245,
                    0.16774733319389248
                ],
                "Precision_Over": [
                    0.5619834710743802,
                    0.5830039525691699
                ],
                "Precision_Under": [
                    0.5647840531561462,
                    0.5781071835803877
                ],
                "ROC_AUC": [
                    0.5442503097936846,
                    0.5375241870302514
                ]
            }
        },
        "PTS": {
            "Threshold": 0.5900000000000001,
            "Stats": {
                "Accuracy": [
                    0.15570802363255193,
                    0.036020583190394515
                ],
                "Precision_Over": [
                    0.5646817248459959,
                    0.5555555555555556
                ],
                "Precision_Under": [
                    0.5508130081300813,
                    0.5944700460829493
                ],
                "ROC_AUC": [
                    0.5258035893595088,
                    0.5095740618191045
                ]
            }
        },
        "REB": {
            "Threshold": 0.5720000000000001,
            "Stats": {
                "Accuracy": [
                    0.2766757151806223,
                    0.15222384631447067
                ],
                "Precision_Over": [
                    0.5638841567291312,
                    0.6102941176470589
                ],
                "Precision_Under": [
                    0.5482625482625483,
                    0.5557749259624877
                ],
                "ROC_AUC": [
                    0.5311051047168444,
                    0.5256851977713055
                ]
            }
        },
        "PR": {
            "Threshold": 0.5800000000000001,
            "Stats": {
                "Accuracy": [
                    0.1888045540796964,
                    0.07163187855787476
                ],
                "Precision_Over": [
                    0.465,
                    0.5421686746987951
                ],
                "Precision_Under": [
                    0.5427046263345195,
                    0.5520833333333334
                ],
                "ROC_AUC": [
                    0.5129728522717347,
                    0.5113012739650665
                ]
            }
        },
        "BLK": {
            "Threshold": 0.5990000000000001,
            "Stats": {
                "Accuracy": [
                    0.5788398692810458,
                    0.47263071895424835
                ],
                "Precision_Over": [
                    0.5915492957746479,
                    0.6466165413533834
                ],
                "Precision_Under": [
                    0.7215482380127094,
                    0.7510518934081346
                ],
                "ROC_AUC": [
                    0.6187602952750721,
                    0.6392085767870257
                ]
            }
        },
        "RA": {
            "Threshold": 0.5970000000000001,
            "Stats": {
                "Accuracy": [
                    0.2581699346405229,
                    0.06956115779645192
                ],
                "Precision_Over": [
                    0.5595667870036101,
                    0.574468085106383
                ],
                "Precision_Under": [
                    0.5444596443228454,
                    0.5757575757575758
                ],
                "ROC_AUC": [
                    0.5298712348970447,
                    0.5161556351640871
                ]
            }
        },
        "PA": {
            "Threshold": 0.546,
            "Stats": {
                "Accuracy": [
                    0.20860781730346947,
                    0.18357487922705315
                ],
                "Precision_Over": [
                    0.51,
                    0.516728624535316
                ],
                "Precision_Under": [
                    0.543918918918919,
                    0.5481335952848723
                ],
                "ROC_AUC": [
                    0.5207095638272592,
                    0.5211682504019777
                ]
            }
        }
    },
    "MLB": {
        "hits+runs+rbi": {
            "Threshold": 0.5940000000000001,
            "Stats": {
                "Accuracy": 0.3366040955631399,
                "Precision_Over": 0.622568093385214,
                "Precision_Under": 0.6364452423698385,
                "ROC_AUC": 0.5725648934867096
            }
        },
        "singles": {
            "Threshold": 0.5980000000000001,
            "Stats": {
                "Accuracy": 0.28079406840468785,
                "Precision_Over": 0.580327868852459,
                "Precision_Under": 0.6520601700457815,
                "ROC_AUC": 0.5788220966024263
            }
        },
        "runs allowed": {
            "Threshold": 0.56,
            "Stats": {
                "Accuracy": 0.34279918864097364,
                "Precision_Over": 0.5266666666666666,
                "Precision_Under": 0.6338028169014085,
                "ROC_AUC": 0.5667742469381
            }
        },
        "1st inning runs allowed": {
            "Threshold": 0.541,
            "Stats": {
                "Accuracy": 0.281496062992126,
                "Precision_Over": 0.5,
                "Precision_Under": 0.42105263157894735,
                "ROC_AUC": 0.4566542288557215
            }
        },
        "pitcher strikeouts": {
            "Threshold": 0.56,
            "Stats": {
                "Accuracy": 0.35802469135802467,
                "Precision_Over": 0.5732758620689655,
                "Precision_Under": 0.6432160804020101,
                "ROC_AUC": 0.5905085104453245
            }
        },
        "total bases": {
            "Threshold": 0.5990000000000001,