{
    "MLB": {
        "total bases": [
            0.0,
            0.1701031463493357,
            1.4162423190607538,
            0.4462427901359259,
            0.15911358118312557
        ],
        "hits+runs+rbi": [
            0.0,
            0.15490648434756335,
            1.0638539744103421,
            0.2653985237560079,
            0.33311111224447804
        ],
        "hits": [
            0.0,
            0.174126460168157,
            0.4876144431090481,
            0.23976508669886415,
            0.18511262510414148
        ],
        "pitcher strikeouts": [
            0.0,
            0.0,
            0.0,
            0.0,
            0.9861827699266317
        ],
        "runs": [
            0.0,
            0.15190213556254392,
            1.8334477760124828,
            0.3897922621254469,
            0.2705112984234007
        ],
        "walks": [
            0.0,
            0.2135327284584192,
            2.3093460139512363,
            0.7854909053939492,
            0.1261116333684054
        ],
        "walks allowed": [
            0.0,
            0.0,
            0.1660128465934281,
            0.0,
            0.48641278253062215
        ],
        "singles": [
            0.0,
            0.05788751204373143,
            1.5899259306910019,
            0.3151520316918621,
            0.16145210804860857
        ],
        "runs allowed": [
            0.0,
            0.0,
            0.0,
            0.0,
            0.30595231288446373
        ],
        "hits allowed": [
            0.0,
            0.04878946134686345,
            0.0,
            0.0,
            0.8032597540076267
        ],
        "pitching outs": [
            0.0,
            0.10033790741885946,
            0.13413186941416275,
            0.0,
            2.0648895715181212
        ],
        "rbi": [
            0.0,
            0.0,
            2.4265184132105415,
            0.28386325037039245,
            0.13829231450020965
        ],
        "batter strikeouts": [
            0.0,
            0.03133331316512561,
            0.5504563717675198,
            0.3563539514564811,
            0.21917703671094638
        ],
        "1st inning runs allowed": [
            0.0,
            0.4437268186731578,
            0.47908042891529523,
            0.25188933645591094,
            0.042925715749526534
        ]
    },
    "NBA": {
        "PRA": [
            0.0,
            2.2282480765536348,
            0.0,
            9.962234594833694,
            0.10924632105717778
        ],
        "PR": [
            0.0,
            2.169145161767359,
            0.0,
            9.92963491411689,
            0.03465923164478428
        ],
        "PA": [
            0.0,
            2.304858303674331,
            0.0,
            9.985147083767181,
            0.023473286640726152
        ],
        "RA": [
            0.0,
            2.227204453575525,
            0.0,
            10.0,
            0.18589803137778282
        ],
        "PTS": [
            0.0,
            2.233224736253398,
            0.0,
            9.810458980568308,
            0.09887774995033864
        ],
        "REB": [
            0.0,
            2.211880524966874,
            0.0,
            10.0,
            0.0
        ],
        "AST": [
            0.2821867243917356,
            1.680166798129888,
            0.0,
            9.783931067477553,
            0.07364528253833527
        ],
        "FG3M": [
            0.1710932244922581,
            1.6686252282241896,
            0.0,
            9.638935602629445,
            0.1359784130268573
        ],
        "BLK": [
            0.29705849731234435,
            1.0726720816599367,
            0.0,
            9.431814268387775,
            0.013317578665876156
        ],
        "STL": [
            0.1779323457778626,
            1.619691248213207,
            0.0,
            9.746742383791341,
            0.1990245798044503
        ],
        "BLST": [
            0.05691146910668267,
            1.8709689132978633,
            0.0,
            9.73453451354802,
            0.3378214696866796
        ],
        "TOV": [
            0.0775400911315019,
            1.7941184847039158,
            0.0,
            9.65799672714856,
            0.0
        ]
    },
    "NHL": {
        "points": [
            0.0,
            0.08589534920186954,
            2.2527669105514674,
            0.3722965000530478,
            0.3436902195305731
        ],
        "saves": [
            0.0,
            0.1368040182864583,
            0.0,
            0.0,
            1.7027586753475565
        ],
        "shots": [
            0.0,
            0.19961680016575473,
            0.9182957832542278,
            0.21935592698627596,
            0.5845739608816533
        ],
        "goals": [
            0.0,
            0.07386687389167991,
            3.1493086183722276,
            0.14981641932252238,
            0.11384747110183814
        ],
        "goalsAgainst": [
            0.0,
            0.0,
            0.027024500634240292,
            0.0,
            0.7702097593303436
        ]
    },
    "NFL": {}
}