{
    "MLB": {
        "total bases": [
            0.0,
            0.1724281997441324,
            1.2205604220535033,
            0.4160489295599266,
            0.18012125917765065
        ],
        "hits+runs+rbi": [
            0.0,
            0.1623722014492288,
            1.0348985552716836,
            0.25502253047287454,
            0.35286966440491174
        ],
        "hits": [
            0.0,
            0.17969971371545596,
            0.473019710407158,
            0.2361520608252037,
            0.20338353609036816
        ],
        "pitcher strikeouts": [
            0.0,
            0.0,
            0.0,
            0.0,
            0.980880717030461
        ],
        "runs": [
            0.0,
            0.16140011904672172,
            1.8301794353325394,
            0.4205521066284161,
            0.277608884502231
        ],
        "walks": [
            0.23837376938469793,
            0.02165393876354957,
            2.0654223225776835,
            0.6764885383307283,
            0.13415126815530895
        ],
        "walks allowed": [
            0.23640851646977437,
            0.0,
            0.21904755773975296,
            0.20320113493485578,
            0.4556331247326258
        ],
        "singles": [
            0.0,
            0.06489534579079369,
            1.575811178334366,
            0.2998706721297138,
            0.1421362715921118
        ],
        "runs allowed": [
            0.0,
            0.0,
            0.0,
            0.0,
            0.37571125670144734
        ],
        "hits allowed": [
            0.1061186850083763,
            0.015461092440589793,
            0.1888592449081181,
            0.0,
            0.9638933011443351
        ],
        "pitching outs": [
            0.06891698392314341,
            0.24261899412341376,
            0.03660284202495732,
            0.0,
            1.6639466954446924
        ],
        "rbi": [
            0.0,
            0.0,
            2.4353555511346756,
            0.2496672799885049,
            0.13925619848629364
        ],
        "batter strikeouts": [
            0.018678546163214235,
            0.017412862852200717,
            0.521536899994628,
            0.3406132213364189,
            0.20510033573738304
        ]
    },
    "NBA": {
        "PRA": [
            0.0,
            2.2282480765536348,
            0.0,
            9.962234594833694,
            0.10924632105717778
        ],
        "PR": [
            0.0,
            2.169145161767359,
            0.0,
            9.92963491411689,
            0.03465923164478428
        ],
        "PA": [
            0.0,
            2.304858303674331,
            0.0,
            9.985147083767181,
            0.023473286640726152
        ],
        "RA": [
            0.0,
            2.227204453575525,
            0.0,
            10.0,
            0.18589803137778282
        ],
        "PTS": [
            0.0,
            2.233224736253398,
            0.0,
            9.810458980568308,
            0.09887774995033864
        ],
        "REB": [
            0.0,
            2.211880524966874,
            0.0,
            10.0,
            0.0
        ],
        "AST": [
            0.2821867243917356,
            1.680166798129888,
            0.0,
            9.783931067477553,
            0.07364528253833527
        ],
        "FG3M": [
            0.1710932244922581,
            1.6686252282241896,
            0.0,
            9.638935602629445,
            0.1359784130268573
        ],
        "BLK": [
            0.29705849731234435,
            1.0726720816599367,
            0.0,
            9.431814268387775,
            0.013317578665876156
        ],
        "STL": [
            0.1779323457778626,
            1.619691248213207,
            0.0,
            9.746742383791341,
            0.1990245798044503
        ],
        "BLST": [
            0.05691146910668267,
            1.8709689132978633,
            0.0,
            9.73453451354802,
            0.3378214696866796
        ],
        "TOV": [
            0.0775400911315019,
            1.7941184847039158,
            0.0,
            9.65799672714856,
            0.0
        ]
    },
    "NHL": {
        "points": [
            0.0,
            0.08589534920186954,
            2.2527669105514674,
            0.3722965000530478,
            0.3436902195305731
        ],
        "saves": [
            0.0,
            0.1368040182864583,
            0.0,
            0.0,
            1.7027586753475565
        ],
        "shots": [
            0.0,
            0.19961680016575473,
            0.9182957832542278,
            0.21935592698627596,
            0.5845739608816533
        ],
        "goals": [
            0.0,
            0.07386687389167991,
            3.1493086183722276,
            0.14981641932252238,
            0.11384747110183814
        ],
        "goalsAgainst": [
            0.0,
            0.0,
            0.027024500634240292,
            0.0,
            0.7702097593303436
        ]
    },
    "NFL": {}
}